[
  {
    "icon": "fa fa-home",
    "slug": "external",
    "title": "Volver al inicio",
    "path": "index.html"
  }, 
  { 
    "id": 1,
    "icon": "fa fa-file-text-o",
    "slug": "intro",
    "title": "Introducción",
    "breadcrumb": ["Inicio","intro"],
    "path": "pages/intro.html" 
  },
  { 
    "id": 1,
    "icon": "fa fa-file-text-o",
    "slug": "motor_induccion",
    "title": "1. Principio de funcionamiento de un motor de inducción",
    "breadcrumb": ["Inicio","Tema 1"],
    "path": "pages/1-tema.html",    
    "submenu": [
      {
        "icon": "fa fa-file-text-o",
        "slug": "motor_induccion",
        "title": "1.1 Características del devanado del motor - campo magnético y movimiento mecánico",
        "anchor": "11"
      },
      {
        "icon": "fa fa-file-text-o",
        "slug": "motor_induccion",
        "title": "1.2 Motores jaula de ardilla",
        "anchor": "12"
      },
      {
        "icon": "fa fa-file-text-o",
        "slug": "motor_induccion",
        "title": "1.3 Generalidades",
        "anchor": "13"
      }
    ]
  },
  { 
    "id": 1,
    "icon": "fa fa-file-text-o",
    "slug": "motor_imanes",
    "title": "2. Principio de funcionamiento de un motor de imanes permanentes",
    "breadcrumb": ["Inicio","Tema 2"],
    "path": "pages/2-tema.html",    
    "submenu": [
      {
        "icon": "fa fa-file-text-o",
        "slug": "motor_imanes",
        "title": "2.1 Características y tipos de los rotores",
        "anchor": "21"
      },
      {
        "icon": "fa fa-file-text-o",
        "slug": "motor_imanes",
        "title": "2.2 Partes eléctricas y componentes",
        "anchor": "22"
      },
      {
        "icon": "fa fa-file-text-o",
        "slug": "motor_imanes",
        "title": "2.3 Generalidades",
        "anchor": "23"
      }
    ]
  }, 
  { 
    "id": 1,
    "icon": "fa fa-file-text-o",
    "slug": "iman_permanente",
    "title": "3. Diferencia entre motor inducción (AM) - iman permanente (PMM)",
    "breadcrumb": ["Inicio","Tema 3"],
    "path": "pages/3-tema.html",    
    "submenu": [
      {
        "icon": "fa fa-file-text-o",
        "slug": "iman_permanente",
        "title": "3.1 Características del conjunto rotórico",
        "anchor": "31"
      },
      {
        "icon": "fa fa-file-text-o",
        "slug": "iman_permanente",
        "title": "3.2 Cantidad de polos en motores AM y PMM. Velocidades en fondo",
        "anchor": "32"
      },
      {
        "icon": "fa fa-file-text-o",
        "slug": "iman_permanente",
        "title": "3.3 Ventajas y desventajas de los motores AM - PMM",
        "anchor": "33"
      }
    ]
  }, 
  { 
    "id": 1,
    "icon": "fa fa-file-text-o",
    "slug": "variador",
    "title": "4. Variador de velocidad (VSD) - Controles para motor PMM",
    "breadcrumb": ["Inicio","Tema 4"],
    "path": "pages/4-tema.html",    
    "submenu": [
      {
        "icon": "fa fa-file-text-o",
        "slug": "variador",
        "title": "4.1 Switchboard y variadores de velocidad como parte de un sistema ESP",
        "anchor": "41"
      },
      {
        "icon": "fa fa-file-text-o",
        "slug": "variador",
        "title": "4.2 Diseño de un variador de velocidad VSD (generalidades)",
        "anchor": "42"
      },
      {
        "icon": "fa fa-file-text-o",
        "slug": "variador",
        "title": "4.3 Configuración del controlador para motores AM - PMM",
        "anchor": "43"
      },
      {
        "icon": "fa fa-file-text-o",
        "slug": "variador",
        "title": "4.4 VDS como protección del equipo de fondo",
        "anchor": "44"
      },
      {
        "icon": "fa fa-file-text-o",
        "slug": "variador",
        "title": "4.5 Configuraciones tecnológicas de operación del VSD con motores AM y PM",
        "anchor": "45"
      },
      {
        "icon": "fa fa-file-text-o",
        "slug": "variador",
        "title": "4.6 Actualización de controladores de VSD para manejo de motores PMM",
        "anchor": "46"
      }
    ]
  }
]